{"1": 7.561570084412327e-05, "2": 2.2684710253236983e-05, "3": 7.561570084412327e-06, "4": 0.27020262487302865, "5": 0.7077377546673791, "6": 0.0001335877381579511, "7": 0.0006654181674282848, "8": 0.0024675923708798895, "9": 0.0026213442959296066, "10": 0.0031430926317540576, "11": 5.293099059088629e-05, "12": 2.0164186891766205e-05, "13": 0.005552712965320119, "14": 3.024628033764931e-05, "15": 0.004005111621377063, "16": 1.0082093445883102e-05, "17": 0.0005822408964997493, "18": 1.764366353029543e-05, "19": 5.041046722941552e-05, "20": 0.0025709338287001914, "21": 5.041046722941551e-06, "22": 2.520523361470776e-05}