{"9": 0.7227121839578771, "5": 0.21917462942005278, "8": 7.561570084412327e-06, "2": 0.001290507961073037, "4": 0.0021978963712025166, "1": 0.05427695006591168, "3": 2.7725756976178534e-05, "7": 1.764366353029543e-05, "10": 0.000269695999677373, "6": 7.561570084412327e-06, "0": 1.764366353029543e-05}