{"0": 0.2854543117332883, "2": 0.7115790322702606, "1": 0.002966655996451103}