{"58": 0.0007410338682724081, "12": 0.7084056933581689, "47": 0.260942222042985, "50": 0.0002797780931232561, "52": 0.000315065420183847, "61": 0.0002646549529544315, "33": 0.000269695999677373, "31": 0.0002570933828700191, "16": 0.0010712224286250798, "49": 0.0003024628033764931, "17": 0.002326443062637526, "18": 0.0002949012332920808, "21": 0.0060668997310601575, "54": 0.00026213442959296067, "34": 0.000247011289424136, "15": 0.0005091457190170967, "67": 0.0002772575697617853, "8": 0.0002848191398461977, "32": 0.00026213442959296067, "25": 0.0002949012332920808, "9": 2.5205233614707756e-06, "6": 0.0002596139062314899, "11": 0.003158215771922882, "5": 0.0002444907660626653, "45": 0.00031002437346090543, "40": 0.0002722165230388438, "39": 0.0002646549529544315, "23": 0.0002495318127856068, "14": 0.0002495318127856068, "51": 0.0002797780931232561, "46": 0.0002747370464003146, "13": 0.0002596139062314899, "3": 0.0002722165230388438, "64": 0.0002671754763159022, "28": 0.0002671754763159022, "29": 0.000247011289424136, "10": 0.0002822986164847269, "7": 0.00029238070993061, "57": 0.0002898601865691392, "56": 0.0002646549529544315, "27": 0.0002898601865691392, "20": 0.00026213442959296067, "4": 0.0003175859435453177, "44": 0.0002545728595085484, "55": 0.000269695999677373, "1": 0.0002722165230388438, "65": 0.0002671754763159022, "36": 0.0002570933828700191, "37": 0.000269695999677373, "35": 0.0002495318127856068, "53": 0.0002772575697617853, "66": 0.0002671754763159022, "2": 0.0002671754763159022, "69": 0.00023188814925531137, "42": 0.004045439995160595, "30": 0.0002545728595085484, "38": 0.0002394497193397237, "43": 2.5205233614707756e-06, "26": 2.5205233614707756e-06, "68": 5.041046722941551e-06, "60": 1.260261680735388e-05, "63": 2.5205233614707756e-06}